 First Name , Last Name     , Email                  ,Business Phone
 Maria      , Rodriguez     , maria@demo.com         , 555-1234  
 Ahmed      , Al Mansoori  , ahmed@demo.com         , 555-1235  
 Emily      , Smith         , emily@demo.com         , 555-1236  
 Takashi    , Nakamura      , takashi@demo.com       , 555-1237  
 Olumide    , Adebayo       , olumide@demo.com       , 555-1238  
 Wei        , Fang          , wei@demo.com           , 555-1239  
 Sofia      , Ivanova       , sofia@demo.com         , 555-1240  
 Carlos     , Martinez      , carlos@demo.com        , 555-1241  
 Aisha      , Patel         , aisha@demo.com         , 555-1242  
 Samuel     , Osei          , samuel@demo.com        , 555-1243  
 Priya      , Sharma        , priya@demo.com         , 555-1244  
 James      , Wilson        , james@demo.com         , 555-1245  
 Amelie     , Dupont        , amelie@demo.com        , 555-1246  
 Miguel     , Sanchez       , miguel@demo.com        , 555-1247  
 Naomi      , Kim           , naomi@demo.com         , 555-1248  
 Dmitry     , Ivanov        , dmitry@demo.com        , 555-1249  
 Fatima     , Al Qahtani    , fatima@demo.com        , 555-1250  
 Ryan       , O'Reilly      , ryan@demo.com          , 555-1251  
 Ji-Yeon    , Park          , jiyeon@demo.com        , 555-1252  
 Marco      , Rossi         , marco@demo.com         , 555-1253  
 Chinwe     , Okoye         , chinwe@demo.com        , 555-1254  
 Alejandro  , Garcia        , alejandro@demo.com     , 555-1255  
 Anika      , Khan          , anika@demo.com         , 555-1256  
 Michael    , Brown         , michael@demo.com       , 555-1257  
 Ying       , Wong          , ying@demo.com          , 555-1258  
 Isaac      , Mensah        , isaac@demo.com         , 555-1259  
 Gabriella  , Silva         , gabriella@demo.com     , 555-1260  
 Lars       , Andersen      , lars@demo.com          , 555-1261  
 Hana       , Al-Saadi      , hana@demo.com          , 555-1262  
 David      , Taylor        , david@demo.com         , 555-1263  
 Yuna       , Suzuki        , yuna@demo.com          , 555-1264  
 Andre      , Nascimento    , andre@demo.com         , 555-1265  
 Leah       , Cohen         , leah@demo.com          , 555-1266  
 Lukas      , Müller        , lukas@demo.com         , 555-1267  
 Zara       , Hussain       , zara@demo.com          , 555-1268  
 Keegan     , Smith         , keegan@demo.com        , 555-1269  
 Siti       , Binti         , siti@demo.com          , 555-1270  
 Brian      , Jones         , brian@demo.com         , 555-1271  
 Jia        , Li            , jia@demo.com           , 555-1272  
 Diego      , Fernandez     , diego@demo.com         , 555-1273  
 Radha      , Iyer          , radha@demo.com         , 555-1274  
 Sean       , Kelly         , sean@demo.com          , 555-1275  
 Amina      , Kone          , amina@demo.com         , 555-1276  
 Richard    , Phillips      , richard@demo.com       , 555-1277  
 Min-Ji     , Choi          , minji@demo.com         , 555-1278  
 Juan       , Rodriguez     , juan@demo.com          , 555-1279  
 Deepa      , Nair          , deepa@demo.com         , 555-1280  
 William    , Johnson       , william@demo.com       , 555-1281  
 Simran     , Singh         , simran@demo.com        , 555-1282  
 Eduardo    , Perez         , eduardo@demo.com       , 555-1283  
